{"cameraMode":{"drawMode":0,"name":"Shaded","section":"Shading Mode"},"sceneLighting":false,"audioPlay":false,"sceneViewState":{"m_AlwaysRefresh":false,"showFog":true,"showSkybox":true,"showFlares":true,"showImageEffects":true,"showParticleSystems":true,"showVisualEffectGraphs":true,"m_FxEnabled":true},"in2DMode":false,"pivot":{"x":15.080914497375489,"y":18.51041603088379,"z":0.8727998733520508},"rotation":{"x":0.005688488483428955,"y":0.023094650357961656,"z":0.00013147215940989554,"w":-0.999717652797699},"size":28.636014938354493,"orthographic":false}